experiment_folder,experiment_no,exp_date,dataset_no,dataset,dataset_freq_min,dataset_length_week,forecast_horizon_min,train_pct,test_pct,model_no,hyperparameter_no,model_name,hyperparamter,run_seed,seed_keys_overridden,runtime_ms,train_RMSE,train_RMSE_stddev,test_RMSE,test_RMSE_stddev,train_nRMSE,train_nRMSE_stddev,test_nRMSE,test_nRMSE_stddev,horizon_label,dataset_label
E00039_260515_ds20_fh30_m1_naive_hp1,E00039,2026-05-15,ds20,ashd,30,140,30,0.9,0.1,m1,hp1,m1_naive_hp1,hyperparameter_1: No hyperparameter,,,3.476572036743164,15.9643,0.229379864465524,15.8506,2.0183245086512285,4.255217634672282,0.0611402469455244,4.224911373510676,0.5379759865264356,30_min,ASHD_148hh_weather
E00040_260515_ds20_fh30_m2_snaive_hp2,E00040,2026-05-15,ds20,ashd,30,140,30,0.9,0.1,m2,hp2,m2_snaive_hp2,days: 7,,,4.390096664428711,41.2104,0.4171658876008172,41.067,3.645804895127183,10.984460377961993,0.1111938288244845,10.946237705573472,0.9717741011080796,30_min,ASHD_148hh_weather
E00041_260515_ds20_fh30_m3_ets_hp1,E00041,2026-05-15,ds20,ashd,30,140,30,0.9,0.1,m3,hp1,m3_ets_hp1,"trend: False, damped_trend: False, seasonal_periods_days: None",,,757.2144269943237,16.4744,0.7841107064694371,15.556666666666665,1.8984942059432257,4.391182663859051,0.2090014410718972,4.146564668461408,0.5060357187257044,30_min,ASHD_148hh_weather
E00042_260515_ds20_fh30_m4_arima_hp1,E00042,2026-05-15,ds20,ashd,30,140,30,0.9,0.1,m4,hp1,m4_arima_hp1,"p: 1, d: 0, q: 1",,,2247.1263885498047,13.990499999999995,0.5444181909769976,13.345222222222224,1.2763581763926783,3.72910947037343,0.1451123999725452,3.5571133678658264,0.3402079527661269,30_min,ASHD_148hh_weather
E00043_260515_ds20_fh30_m6_lr_hp1,E00043,2026-05-15,ds20,ashd,30,140,30,0.9,0.1,m6,hp1,m6_lr_hp1,num_features: 50,,,546.9522953033447,9.9558,0.0739471282591676,9.9688,0.6778499997951037,2.6536769997601084,0.0197102988669583,2.657142095583336,0.180678092543408,30_min,ASHD_148hh_weather
E00044_260515_ds20_fh30_m7_ann_hp1,E00044,2026-05-15,ds20,ashd,30,140,30,0.9,0.1,m7,hp1,m7_ann_hp1,"seed: 99, hidden_size: 10, activation_function: relu, learning_rate: 0.001, solver: adam, epochs: 500",,,13050.67219734192,24.406,0.3659186309064413,24.504,3.3699479389318627,6.50531758935949,0.0975340861226752,6.531439080949968,0.8982455790526594,30_min,ASHD_148hh_weather
E00045_260515_ds20_fh30_m8_dnn_hp1,E00045,2026-05-15,ds20,ashd,30,140,30,0.9,0.1,m8,hp1,m8_dnn_hp1,"seed: 1, n_hidden: 3, hidden_size: 10, activation_function: relu, learning_rate: 0.001, solver: adam, epochs: 500",,,15640.74432849884,15.217499999999998,0.1236898001723127,15.5247,0.971329106602563,4.056161206919529,0.032969000765603,4.138044086680705,0.2589037254051665,30_min,ASHD_148hh_weather
E00046_260515_ds20_fh30_m9_rt_hp3,E00046,2026-05-15,ds20,ashd,30,140,30,0.9,0.1,m9,hp3,m9_rt_hp3,"seed: 1, max_depth: 15, min_samples_split: 2, min_samples_leaf: 1, max_features: sqrt",,,1300.6985187530518,10.9218,0.9877805424283268,27.954700000000003,3.573444869217004,2.911160274009116,0.2632887870640849,7.45120878535064,0.952486837758084,30_min,ASHD_148hh_weather
E00047_260515_ds20_fh30_m10_rf_hp1,E00047,2026-05-15,ds20,ashd,30,140,30,0.9,0.1,m10,hp1,m10_rf_hp1,"seed: 1, n_estimators: 100, max_depth: 3, min_samples_split: 2, min_samples_leaf: 1",,,503157.3150157929,18.3087,0.4699427979375084,18.6361,1.9803056694471304,4.880107684516352,0.1252612943299061,4.967374790095156,0.5278422233779698,30_min,ASHD_148hh_weather
E00048_260515_ds20_fh30_m13_lstm_hp2,E00048,2026-05-16,ds20,ashd,30,140,30,0.9,0.1,m13,hp2,m13_lstm_hp2,"seed: 1, input_size: 1, hidden_size: 64, num_layers: 1, output_size: 1, batch_size: 4096, epochs: 100, learning_rate: 0.001",,,2367991.6771650314,33.629000000000005,1.686116840554059,35.59410000000001,5.749389831393705,8.96366980302263,0.4494274170520186,9.487459018578244,1.5324758992973064,30_min,ASHD_148hh_weather
E00049_260516_ds20_fh30_m16_prophet_hp1,E00049,2026-05-16,ds20,ashd,30,140,30,0.9,0.1,m16,hp1,m16_prophet_hp1,"seed: 1, seasonality_prior_scale: 10, seasonality_mode: additive, weekly_seasonality: True, daily_seasonality: True, growth: linear",,,377427.52561569214,26.9753,1.786395815912899,34.42133333333333,4.424182777643799,7.190153796945386,0.476156360026894,9.17486295101776,1.1792474818465757,30_min,ASHD_148hh_weather
E00050_260516_ds20_fh30_m17_xgb_hp1,E00050,2026-05-16,ds20,ashd,30,140,30,0.9,0.1,m17,hp1,m17_xgb_hp1,"xgb_seed: 1, n_estimators: 200, learning_rate: 0.1, max_depth: 6, subsample: 0.8, colsample_bytree: 0.8",,,21658.58421325684,6.6893,0.0711009454539419,9.7987,0.9099073273935342,1.7830050377162354,0.0189516607015331,2.6118026494655755,0.2425320061288307,30_min,ASHD_148hh_weather
E00051_260516_ds20_fh1440_m1_naive_hp1,E00051,2026-05-16,ds20,ashd,30,140,1440,0.9,0.1,m1,hp1,m1_naive_hp1,hyperparameter_1: No hyperparameter,,,2.5399208068847656,34.258300000000006,0.3722556021517118,34.1082,3.394064191103836,9.13140709545006,0.0992231793991293,9.09139856598342,0.9046736655659656,1_day,ASHD_148hh_weather
E00052_260516_ds20_fh1440_m2_snaive_hp2,E00052,2026-05-16,ds20,ashd,30,140,1440,0.9,0.1,m2,hp2,m2_snaive_hp2,days: 7,,,2.675175666809082,41.2352,0.4201668451672231,41.0916,3.647252091948432,10.991070714609377,0.1119937215574869,10.952794733054349,0.9721598453896716,1_day,ASHD_148hh_weather
E00053_260516_ds20_fh1440_m3_ets_hp1,E00053,2026-05-16,ds20,ashd,30,140,1440,0.9,0.1,m3,hp1,m3_ets_hp1,"trend: False, damped_trend: False, seasonal_periods_days: None",,,686.5288257598877,16.4778,0.7907901533698224,34.29822222222222,3.54288613907425,4.3920889196897415,0.2107818198069735,9.142048197409768,0.944341535590332,1_day,ASHD_148hh_weather
E00054_260516_ds20_fh1440_m4_arima_hp1,E00054,2026-05-16,ds20,ashd,30,140,1440,0.9,0.1,m4,hp1,m4_arima_hp1,"p: 1, d: 0, q: 1",,,2102.5429010391235,13.9944,0.5492850302388045,60.69855555555556,7.4314511724008385,3.7301489991203978,0.1464096356954993,16.178947025496583,1.98082233984616,1_day,ASHD_148hh_weather
E00055_260516_ds20_fh1440_m6_lr_hp1,E00055,2026-05-16,ds20,ashd,30,140,1440,0.9,0.1,m6,hp1,m6_lr_hp1,num_features: 50,,,562.9936456680298,29.001699999999992,0.2854949114160257,29.1234,2.537491114379625,7.730282272036677,0.0760974788538596,7.762720899858732,0.6763576816855359,1_day,ASHD_148hh_weather
E00056_260516_ds20_fh1440_m7_ann_hp1,E00056,2026-05-16,ds20,ashd,30,140,1440,0.9,0.1,m7,hp1,m7_ann_hp1,"seed: 99, hidden_size: 10, activation_function: relu, learning_rate: 0.001, solver: adam, epochs: 500",,,11336.906433105469,30.144300000000005,0.3074609460294649,30.5762,2.9160200730904906,8.034837540315058,0.0819524338378509,8.149958685395953,0.7772529981316445,1_day,ASHD_148hh_weather
E00057_260516_ds20_fh1440_m8_dnn_hp1,E00057,2026-05-16,ds20,ashd,30,140,1440,0.9,0.1,m8,hp1,m8_dnn_hp1,"seed: 1, n_hidden: 3, hidden_size: 10, activation_function: relu, learning_rate: 0.001, solver: adam, epochs: 500",,,13962.168169021606,27.5644,0.381608933042424,28.8502,2.5160172142142083,7.347175946904071,0.1017162707685644,7.689900578404456,0.6706339030877226,1_day,ASHD_148hh_weather
E00058_260516_ds20_fh1440_m9_rt_hp3,E00058,2026-05-16,ds20,ashd,30,140,1440,0.9,0.1,m9,hp3,m9_rt_hp3,"seed: 1, max_depth: 15, min_samples_split: 2, min_samples_leaf: 1, max_features: sqrt",,,1307.3566913604736,16.3901,1.1905821591884271,37.97420000000001,2.86408417784425,4.368712850174587,0.3173447128470897,10.12186475464456,0.7634097016936986,1_day,ASHD_148hh_weather
E00059_260516_ds20_fh1440_m10_rf_hp1,E00059,2026-05-16,ds20,ashd,30,140,1440,0.9,0.1,m10,hp1,m10_rf_hp1,"seed: 1, n_estimators: 100, max_depth: 3, min_samples_split: 2, min_samples_leaf: 1",,,502763.4161710739,31.1543,0.2343298008268588,31.8525,1.8978363265103293,8.304048831196523,0.062459631854055,8.490151131487059,0.505860363704542,1_day,ASHD_148hh_weather
E00060_260516_ds20_fh1440_m13_lstm_hp2,E00060,2026-05-16,ds20,ashd,30,140,1440,0.9,0.1,m13,hp2,m13_lstm_hp2,"seed: 1, input_size: 1, hidden_size: 64, num_layers: 1, output_size: 1, batch_size: 4096, epochs: 100, learning_rate: 0.001",,,2434233.343744278,35.2407,0.8184975463208997,37.1558,5.5107870540926855,9.393261721352989,0.2181671099290723,9.903723645280806,1.4688773233714547,1_day,ASHD_148hh_weather
E00061_260516_ds20_fh1440_m16_prophet_hp1,E00061,2026-05-16,ds20,ashd,30,140,1440,0.9,0.1,m16,hp1,m16_prophet_hp1,"seed: 1, seasonality_prior_scale: 10, seasonality_mode: additive, weekly_seasonality: True, daily_seasonality: True, growth: linear",,,411948.84247779846,28.0572,2.201826403491227,34.562222222222225,4.116790278171145,7.478529733187621,0.5868876518621496,9.212416297204523,1.0973132921531956,1_day,ASHD_148hh_weather
E00062_260516_ds20_fh1440_m17_xgb_hp1,E00062,2026-05-16,ds20,ashd,30,140,1440,0.9,0.1,m17,hp1,m17_xgb_hp1,"xgb_seed: 1, n_estimators: 200, learning_rate: 0.1, max_depth: 6, subsample: 0.8, colsample_bytree: 0.8",,,22343.80705356598,10.3046,0.1312437935040487,22.8374,2.0488401163151364,2.7466481861556096,0.0349824862073323,6.087213796412293,0.5461097945771615,1_day,ASHD_148hh_weather
E00063_260516_ds20_fh10080_m1_naive_hp1,E00063,2026-05-16,ds20,ashd,30,140,10080,0.9,0.1,m1,hp1,m1_naive_hp1,hyperparameter_1: No hyperparameter,,,2.156996726989746,41.1446,0.3672030016822363,41.0332,3.209205329118792,10.96692166217981,0.09787642980042,10.937228456433084,0.8554003062928255,1_week,ASHD_148hh_weather
E00064_260516_ds20_fh10080_m2_snaive_hp2,E00064,2026-05-16,ds20,ashd,30,140,10080,0.9,0.1,m2,hp2,m2_snaive_hp2,days: 7,,,2.517890930175781,41.1446,0.3672030016822363,41.0332,3.209205329118792,10.96692166217981,0.09787642980042,10.937228456433084,0.8554003062928255,1_week,ASHD_148hh_weather
E00065_260516_ds20_fh10080_m3_ets_hp1,E00065,2026-05-16,ds20,ashd,30,140,10080,0.9,0.1,m3,hp1,m3_ets_hp1,"trend: False, damped_trend: False, seasonal_periods_days: None",,,703.8422584533691,16.456999999999997,0.7996143514914615,41.19711111111111,3.359184664633833,4.386544766372578,0.2131338730419439,10.980918280009355,0.8953766731438642,1_week,ASHD_148hh_weather
E00066_260516_ds20_fh10080_m4_arima_hp1,E00066,2026-05-16,ds20,ashd,30,140,10080,0.9,0.1,m4,hp1,m4_arima_hp1,"p: 1, d: 0, q: 1",,,2120.7820415496826,13.9479,0.5256150788467842,66.9571111111111,9.013072012977103,3.717754617906549,0.1401005087951554,17.84713892664955,2.402396783585336,1_week,ASHD_148hh_weather
E00067_260516_ds20_fh10080_m6_lr_hp1,E00067,2026-05-16,ds20,ashd,30,140,10080,0.9,0.1,m6,hp1,m6_lr_hp1,num_features: 50,,,611.3583087921143,32.758300000000006,0.3211510721002044,32.8524,2.794435073101141,8.731588346616201,0.0856014798891717,8.756670309459713,0.7448450230831728,1_week,ASHD_148hh_weather
E00068_260516_ds20_fh10080_m7_ann_hp1,E00068,2026-05-16,ds20,ashd,30,140,10080,0.9,0.1,m7,hp1,m7_ann_hp1,"seed: 99, hidden_size: 10, activation_function: relu, learning_rate: 0.001, solver: adam, epochs: 500",,,11935.129761695862,32.59910000000001,0.3188494768521494,33.1483,2.962669556329224,8.6891542500733,0.0849879992675719,8.835541221313004,0.7896872234798153,1_week,ASHD_148hh_weather
E00069_260516_ds20_fh10080_m8_dnn_hp1,E00069,2026-05-16,ds20,ashd,30,140,10080,0.9,0.1,m8,hp1,m8_dnn_hp1,"seed: 1, n_hidden: 3, hidden_size: 10, activation_function: relu, learning_rate: 0.001, solver: adam, epochs: 500",,,14628.752541542051,31.2844,0.308544684320152,32.180400000000006,3.166981079128126,8.33872644401205,0.0822412997628148,8.577551509982142,0.8441456084250142,1_week,ASHD_148hh_weather
E00070_260516_ds20_fh10080_m9_rt_hp3,E00070,2026-05-16,ds20,ashd,30,140,10080,0.9,0.1,m9,hp3,m9_rt_hp3,"seed: 1, max_depth: 15, min_samples_split: 2, min_samples_leaf: 1, max_features: sqrt",,,1376.302933692932,17.8083,1.5252799415189326,39.1863,3.3909058131026466,4.746728149905376,0.4065570118929904,10.444944958285577,0.9038318130721132,1_week,ASHD_148hh_weather
E00071_260516_ds20_fh10080_m10_rf_hp1,E00071,2026-05-16,ds20,ashd,30,140,10080,0.9,0.1,m10,hp1,m10_rf_hp1,"seed: 1, n_estimators: 100, max_depth: 3, min_samples_split: 2, min_samples_leaf: 1",,,502852.93748378754,33.2331,0.4520187926280165,33.745200000000004,2.448791574997305,8.858144307913745,0.120483725411951,8.994642428765626,0.6527151891135495,1_week,ASHD_148hh_weather
E00072_260516_ds20_fh10080_m13_lstm_hp2,E00072,2026-05-17,ds20,ashd,30,140,10080,0.9,0.1,m13,hp2,m13_lstm_hp2,"seed: 1, input_size: 1, hidden_size: 64, num_layers: 1, output_size: 1, batch_size: 4096, epochs: 100, learning_rate: 0.001",,,2430821.180152893,35.7927,1.474144275315155,37.9431,5.54242033872487,9.540395020923848,0.3929270131714032,10.113575179252072,1.477309043560218,1_week,ASHD_148hh_weather
E00073_260517_ds20_fh10080_m16_prophet_hp1,E00073,2026-05-17,ds20,ashd,30,140,10080,0.9,0.1,m16,hp1,m16_prophet_hp1,"seed: 1, seasonality_prior_scale: 10, seasonality_mode: additive, weekly_seasonality: True, daily_seasonality: True, growth: linear",,,403062.5701189041,28.707100000000004,1.3958179163327706,36.544777777777774,5.237057565507987,7.651757869765706,0.372049448605371,9.74085821834842,1.395915868941543,1_week,ASHD_148hh_weather
E00074_260517_ds20_fh10080_m17_xgb_hp1,E00074,2026-05-17,ds20,ashd,30,140,10080,0.9,0.1,m17,hp1,m17_xgb_hp1,"xgb_seed: 1, n_estimators: 200, learning_rate: 0.1, max_depth: 6, subsample: 0.8, colsample_bytree: 0.8",,,22121.4301109314,11.0109,0.1356199346212301,24.8024,2.0996828437753265,2.934909507689848,0.0361489283847935,6.6109763573846525,0.5596617116974509,1_week,ASHD_148hh_weather
