edp_site_id,postcode,state,lat,long,cluster,lat_deg,long_deg,date_of_first_data,date_of_last_data,number_of_days
S0405,2282,NSW,-0.5754786876138303,2.646838934539205,2,-32.9725,151.6527,2021-06-28,2024-07-12,1110
W0013,2226,NSW,-0.5934014737025601,2.636562435903462,2,-33.9994,151.0639,2020-10-13,2024-07-12,1368
S0321,2322,NSW,-0.5723475669357525,2.647261304218187,2,-32.7931,151.6769,2021-06-03,2024-07-13,1136
S0431,2284,NSW,-0.5756200592832419,2.646240286605771,2,-32.9806,151.6184,2021-05-27,2024-07-16,1146
S0170,2307,NSW,-0.5738433141047116,2.647507395642719,2,-32.8788,151.691,2021-03-08,2024-07-16,1226
S0517,2150,NSW,-0.5902319557809383,2.635508257035257,2,-33.8178,151.0035,2019-01-01,2024-07-31,2039
S0358,2325,NSW,-0.5740161017006591,2.640389942953085,2,-32.8887,151.2832,2019-01-01,2024-08-02,2040
W0114,2234,NSW,-0.5940071029530022,2.635654864692425,2,-34.0341,151.0119,2021-04-08,2024-08-06,1216
S0185,2065,NSW,-0.5903698367918458,2.638817401297038,2,-33.8257,151.1931,2019-01-01,2024-08-30,2069
S0316,2323,NSW,-0.5730003200759983,2.644718359498032,2,-32.8305,151.5312,2019-01-01,2024-08-30,2069
S0396,2325,NSW,-0.5740161017006591,2.640389942953085,2,-32.8887,151.2832,2019-01-01,2024-08-30,2069
S0334,2008,NSW,-0.5914344876355624,2.638894195784126,2,-33.8867,151.1975,2019-01-01,2024-08-30,2069
S0533,2316,NSW,-0.572220157900357,2.654464278041168,2,-32.7858,152.0896,2019-01-01,2024-08-30,2069
S0425,2750,NSW,-0.5894587749223049,2.630118680305099,2,-33.77350000000001,150.6947,2019-01-01,2024-08-30,2069
S0191,2577,NSW,-0.6047635671330431,2.629315828849181,2,-34.6504,150.6487,2019-01-01,2024-08-30,2069
S0295,2330,NSW,-0.5696353252781533,2.637070326715792,2,-32.6377,151.093,2019-01-01,2024-08-30,2069
S0209,2151,NSW,-0.5894360856420289,2.635747367142781,2,-33.7722,151.0172,2019-01-01,2024-08-30,2069
S0212,2106,NSW,-0.5874149943682195,2.6409275043627,2,-33.6564,151.314,2019-01-01,2024-08-30,2069
S0158,2155,NSW,-0.5881742125928371,2.634419171582013,2,-33.6999,150.9411,2019-01-01,2024-08-30,2069
S0571,2100,NSW,-0.5893383472039172,2.639807002982919,2,-33.7666,151.2498,2019-01-01,2024-08-30,2069
S0349,2048,NSW,-0.59156364200021,2.638313001143212,2,-33.8941,151.1642,2019-03-12,2024-08-30,1998
S0156,2142,NSW,-0.5902651170367262,2.635907937433964,2,-33.8197,151.0264,2019-04-08,2024-08-30,1971
S0380,2320,NSW,-0.5712253202267201,2.644775955363348,2,-32.7288,151.5345,2019-08-01,2024-08-30,1856
S0562,2155,NSW,-0.5881742125928371,2.634419171582013,2,-33.6999,150.9411,2020-01-09,2024-08-30,1696
S0558,2322,NSW,-0.5723475669357525,2.647261304218187,2,-32.7931,151.6769,2020-04-24,2024-08-30,1590
S0179,2285,NSW,-0.5751680190069753,2.64704488339094,2,-32.9547,151.6645,2019-01-01,2024-08-30,2069
S0413,2225,NSW,-0.5934835041774038,2.636771875413701,2,-34.0041,151.0759,2019-01-01,2024-08-30,2069
S0135,2321,NSW,-0.5723074243629566,2.644442597476216,2,-32.7908,151.5154,2019-01-01,2024-08-30,2069
S0177,2121,NSW,-0.5892126834977737,2.637061600069532,2,-33.7594,151.0925,2019-01-01,2024-08-30,2069
S0530,2125,NSW,-0.5889735733902505,2.636277947235387,2,-33.7457,151.0476,2019-01-01,2024-08-30,2069
S0579,2291,NSW,-0.5748800396803962,2.648695964863327,2,-32.9382,151.7591,2019-01-01,2024-08-30,2069
S0162,2073,NSW,-0.5889421574637145,2.637923792720017,2,-33.7439,151.1419,2019-01-01,2024-08-30,2069
S0310,2077,NSW,-0.5882178458241368,2.637180282458668,2,-33.7024,151.0993,2019-01-01,2024-08-30,2069
S0195,2752,NSW,-0.5919319064723808,2.628633405111652,2,-33.9152,150.6096,2019-01-01,2024-08-30,2069
S0244,2087,NSW,-0.5894762282148249,2.639292130853581,2,-33.7745,151.2203,2019-01-01,2024-08-30,2069
S0596,2203,NSW,-0.5917381749254095,2.637880159488718,2,-33.9041,151.1394,2019-01-01,2024-08-30,2069
S0256,2765,NSW,-0.5862944929884392,2.634047416451338,2,-33.5922,150.9198,2021-04-29,2024-08-30,1219
S0585,2097,NSW,-0.5887344632827273,2.640704102218444,2,-33.732,151.3012,2019-01-01,2024-08-30,2069
S0598,2131,NSW,-0.5914624129035944,2.637588689503635,2,-33.8883,151.1227,2020-11-29,2024-08-31,1371
W0015,2785,NSW,-0.5887571525630032,2.62235720112148,2,-33.7333,150.25,2020-12-21,2024-09-05,1354
W0084,2300,NSW,-0.5747281960354726,2.649062484006246,2,-32.9295,151.7801,2020-11-05,2024-09-26,1421
W0179,2117,NSW,-0.5897170836516,2.636365213697987,2,-33.7883,151.0526,2021-05-19,2024-09-26,1226
S0478,2322,NSW,-0.5723475669357525,2.647261304218187,2,-32.7931,151.6769,2020-01-24,2024-09-30,1712
S0553,2518,NSW,-0.5999761289948228,2.633890336818658,2,-34.3761,150.9108,2020-03-09,2024-09-30,1666
S0502,2232,NSW,-0.5938378060155587,2.636120867602707,2,-34.0244,151.0386,2019-01-01,2024-09-30,2100
S0569,2110,NSW,-0.5905199351075174,2.637993605890097,2,-33.8343,151.1459,2019-01-01,2024-09-30,2100
S0387,2044,NSW,-0.5920732781417923,2.638243187973133,2,-33.9233,151.1602,2020-03-16,2024-09-30,1659
S0318,2191,NSW,-0.5917277029498975,2.636925464387877,2,-33.9035,151.0847,2020-07-25,2024-09-30,1529
S0247,2508,NSW,-0.5975605933100625,2.634042180463582,2,-34.2377,150.9195,2020-04-25,2024-09-30,1620
S0137,2234,NSW,-0.5940071029530022,2.635654864692425,2,-34.0341,151.0119,2019-01-01,2024-09-30,2100
S0120,2073,NSW,-0.5889421574637145,2.637923792720017,2,-33.7439,151.1419,2020-05-27,2024-09-30,1587
S0259,2155,NSW,-0.5881742125928371,2.634419171582013,2,-33.6999,150.9411,2020-01-02,2024-09-30,1733
S0452,2765,NSW,-0.5862944929884392,2.634047416451338,2,-33.5922,150.9198,2020-08-11,2024-09-30,1512
S0570,2285,NSW,-0.5751680190069753,2.64704488339094,2,-32.9547,151.6645,2020-08-13,2024-09-30,1509
S0524,2324,NSW,-0.5698116035326046,2.648739598094626,2,-32.6478,151.7616,2020-10-02,2024-09-30,1460
S0544,2250,NSW,-0.5795365781247171,2.638517204665696,2,-33.20500000000001,151.1759,2020-03-26,2024-09-30,1650
S0367,2525,NSW,-0.6010145998997594,2.632974038961362,2,-34.4356,150.8583,2019-12-04,2024-09-30,1762
S0403,2747,NSW,-0.5890102253045423,2.630596900520146,2,-33.7478,150.7221,2019-08-31,2024-09-30,1857
S0273,2569,NSW,-0.5966408047942616,2.630464255496994,2,-34.185,150.7145,2019-11-05,2024-09-30,1791
S0347,2765,NSW,-0.5862944929884392,2.634047416451338,2,-33.5922,150.9198,2019-01-01,2024-09-30,2100
W0042,2082,NSW,-0.5864917151939145,2.637545056272335,2,-33.6035,151.1202,2020-10-27,2024-09-30,1435
S0217,2121,NSW,-0.5892126834977737,2.637061600069532,2,-33.7594,151.0925,2019-01-01,2024-09-30,2100
S0366,2334,NSW,-0.570335202308203,2.642239991960199,2,-32.6778,151.3892,2019-01-01,2024-09-30,2100
S0417,2330,NSW,-0.5696353252781533,2.637070326715792,2,-32.6377,151.093,2019-01-01,2024-09-30,2100
S0459,2753,NSW,-0.5864236473530868,2.63110828199098,2,-33.5996,150.7514,2019-01-01,2024-09-30,2100
S0501,2232,NSW,-0.5938378060155587,2.636120867602707,2,-34.0244,151.0386,2019-01-01,2024-09-30,2100
S0289,2756,NSW,-0.5874533916117634,2.632145007566664,2,-33.6586,150.8108,2019-01-01,2024-09-30,2100
S0588,2043,NSW,-0.5917102496573776,2.638689992261643,2,-33.9025,151.1858,2019-01-01,2024-09-30,2100
W0092,2148,NSW,-0.5890172066215503,2.633574432224048,2,-33.7482,150.8927,2019-06-14,2024-09-30,1936
S0516,2263,NSW,-0.580199803240475,2.644248865929245,2,-33.243,151.5043,2019-06-28,2024-09-30,1922
W0077,2148,NSW,-0.5890172066215503,2.633574432224048,2,-33.7482,150.8927,2019-07-19,2024-09-30,1901
S0320,2285,NSW,-0.5751680190069753,2.64704488339094,2,-32.9547,151.6645,2019-07-22,2024-09-30,1898
S0299,2321,NSW,-0.5723074243629566,2.644442597476216,2,-32.7908,151.5154,2019-08-21,2024-09-30,1868
S0216,2289,NSW,-0.5749603248259879,2.647591171446814,2,-32.9428,151.6958,2019-01-01,2024-09-30,2100
S0350,2261,NSW,-0.5820673055401089,2.643009682160329,2,-33.35,151.4333,2019-09-06,2024-09-30,1851
S0455,2566,NSW,-0.5938028994305188,2.632473129466039,2,-34.0224,150.8296,2019-10-10,2024-09-30,1817
S0406,2147,NSW,-0.5896298171890003,2.634283035900357,2,-33.7833,150.9333,2019-12-02,2024-09-30,1764
W0027,2008,NSW,-0.5914344876355624,2.638894195784126,2,-33.8867,151.1975,2020-10-30,2024-09-30,1432
W0085,2026,NSW,-0.5914554315865864,2.640348055051038,2,-33.8879,151.2808,2020-11-19,2024-09-30,1411
W0075,2304,NSW,-0.5741766719918425,2.648294539135368,2,-32.8979,151.7361,2020-11-05,2024-09-30,1426
W0124,2147,NSW,-0.5896298171890003,2.634283035900357,2,-33.7833,150.9333,2021-04-14,2024-09-30,1265
W0302,2031,NSW,-0.5918778012655691,2.639964082615599,2,-33.9121,151.2588,2021-04-16,2024-09-30,1263
W0175,2074,NSW,-0.5884045960541002,2.638002332536357,2,-33.7131,151.1464,2021-04-19,2024-09-30,1260
W0001,2233,NSW,-0.594345696827889,2.636068507725148,2,-34.0535,151.0356,2021-04-19,2024-09-30,1260
W0266,2530,NSW,-0.6028890835164012,2.63183433895981,2,-34.543,150.793,2021-04-20,2024-09-30,1259
W0221,2113,NSW,-0.5898444926869957,2.63764628536895,2,-33.7956,151.126,2021-04-23,2024-09-30,1257
S0428,2179,NSW,-0.5928848562439697,2.631898916142133,2,-33.9698,150.7967,2021-04-26,2024-09-30,1253
W0294,2112,NSW,-0.5898514740040036,2.63714712120288,2,-33.796,151.0974,2021-04-28,2024-09-30,1252
W0094,2113,NSW,-0.5898444926869957,2.63764628536895,2,-33.7956,151.126,2021-04-28,2024-09-30,1251
S0410,2137,NSW,-0.5909143795184683,2.637038910789256,2,-33.8569,151.0912,2021-04-29,2024-09-30,1250
W0181,2216,NSW,-0.5926003675758946,2.638032003133641,2,-33.9535,151.1481,2021-04-30,2024-09-30,1250
S0487,2116,NSW,-0.5901743599156226,2.636101668980936,2,-33.8145,151.0375,2021-04-29,2024-09-30,1250
S0443,2120,NSW,-0.5883819067738243,2.636693335597362,2,-33.7118,151.0714,2021-05-03,2024-09-30,1247
S0600,2291,NSW,-0.5748800396803962,2.648695964863327,2,-32.9382,151.7591,2021-05-05,2024-09-30,1245
S0450,2265,NSW,-0.5771227877692089,2.642719957504498,2,-33.0667,151.4167,2021-05-06,2024-09-30,1244
S0393,2325,NSW,-0.5740161017006591,2.640389942953085,2,-32.8887,151.2832,2021-05-13,2024-09-30,1236
W0070,2323,NSW,-0.5730003200759983,2.644718359498032,2,-32.8305,151.5312,2021-05-15,2024-09-30,1235
W0271,2280,NSW,-0.576819100479362,2.646912238367789,2,-33.0493,151.6569,2021-06-29,2024-09-30,1189
S0582,2289,NSW,-0.5749603248259879,2.647591171446814,2,-32.9428,151.6958,2021-06-23,2024-09-30,1195
W0345,2287,NSW,-0.5741033681632588,2.64749168767945,2,-32.8937,151.6901,2021-06-22,2024-09-30,1196
S0172,2070,NSW,-0.5896298171890003,2.638356634374512,2,-33.7833,151.1667,2021-06-22,2024-09-30,1197
W0280,2111,NSW,-0.5904745565469656,2.637485715077767,2,-33.8317,151.1168,2021-06-17,2024-09-30,1202
W0195,2777,NSW,-0.5881497779833091,2.629069737424651,2,-33.6985,150.6346,2021-06-16,2024-09-30,1203
S0335,2760,NSW,-0.5887484259167431,2.631799432374769,2,-33.7328,150.791,2021-04-09,2024-09-30,1270
W0237,2026,NSW,-0.5914554315865864,2.640348055051038,2,-33.8879,151.2808,2021-06-09,2024-09-30,1209
W0182,2259,NSW,-0.5800130530105116,2.643069023354897,2,-33.2323,151.4367,2021-05-31,2024-09-30,1218
W0097,2783,NSW,-0.5885354957479998,2.625493557787314,2,-33.7206,150.4297,2021-05-28,2024-09-30,1222
S0494,2280,NSW,-0.576819100479362,2.646912238367789,2,-33.0493,151.6569,2021-05-27,2024-09-30,1222
S0538,2291,NSW,-0.5748800396803962,2.648695964863327,2,-32.9382,151.7591,2021-05-27,2024-09-30,1223
W0198,2232,NSW,-0.5938378060155587,2.636120867602707,2,-34.0244,151.0386,2021-05-24,2024-09-30,1225
W0120,2088,NSW,-0.5906019655823611,2.639628979399216,2,-33.839,151.2396,2021-05-20,2024-09-30,1229
W0263,2294,NSW,-0.5744751232939336,2.648788467313682,2,-32.915,151.7644,2021-06-07,2024-09-30,1211
W0008,2287,NSW,-0.5741033681632588,2.64749168767945,2,-32.8937,151.6901,2020-10-30,2024-09-30,1431
W0319,2153,NSW,-0.5892022115222617,2.635323252134546,2,-33.7588,150.9929,2021-04-01,2024-09-30,1278
W0118,2072,NSW,-0.5891411249984418,2.638086108340453,2,-33.7553,151.1512,2021-03-22,2024-09-30,1288
S0536,2281,NSW,-0.57739505913252,2.646713270833061,2,-33.0823,151.6455,2020-11-09,2024-09-30,1422
S0532,2045,NSW,-0.5913699104532387,2.637958699305058,2,-33.883,151.1439,2020-11-16,2024-09-30,1415
S0075,2567,NSW,-0.5941694185734375,2.630776669433101,2,-34.0434,150.7324,2018-01-01,2024-09-30,2465
W0079,2285,NSW,-0.5751680190069753,2.64704488339094,2,-32.9547,151.6645,2020-11-20,2024-09-30,1410
W0011,2283,NSW,-0.5766969274317223,2.646121604216635,2,-33.0423,151.6116,2020-11-20,2024-09-30,1410
W0073,2420,NSW,-0.5655617268039985,2.648570301157183,2,-32.4043,151.7519,2020-11-21,2024-09-30,1409
S0374,2230,NSW,-0.594052481513554,2.638225734680613,2,-34.0367,151.1592,2020-12-05,2024-09-30,1396
S0567,2285,NSW,-0.5751680190069753,2.64704488339094,2,-32.9547,151.6645,2020-12-11,2024-09-30,1390
W0018,2750,NSW,-0.5894587749223049,2.630118680305099,2,-33.77350000000001,150.6947,2020-12-21,2024-09-30,1380
W0031,2784,NSW,-0.5886855940636714,2.625284118277075,2,-33.7292,150.4177,2020-12-21,2024-09-30,1380
W0047,2765,NSW,-0.5862944929884392,2.634047416451338,2,-33.5922,150.9198,2020-12-21,2024-09-30,1379
S0444,2295,NSW,-0.5735902413631725,2.649638442659403,2,-32.8643,151.8131,2021-01-20,2024-09-30,1350
S0345,2321,NSW,-0.5723074243629566,2.644442597476216,2,-32.7908,151.5154,2021-01-21,2024-09-30,1349
S0337,2227,NSW,-0.5943212622183611,2.636983060253193,2,-34.0521,151.088,2021-01-21,2024-09-30,1349
W0232,2166,NSW,-0.5914327423063105,2.634539599300401,2,-33.8866,150.948,2021-02-01,2024-09-30,1337
W0207,2173,NSW,-0.5926160755391626,2.634478512776581,2,-33.9544,150.9445,2021-02-02,2024-09-30,1336
W0005,2233,NSW,-0.594345696827889,2.636068507725148,2,-34.0535,151.0356,2021-02-08,2024-09-30,1330
S0168,2299,NSW,-0.5742621931251902,2.647502159654962,2,-32.9028,151.6907,2021-03-19,2024-09-30,1291
W0336,2065,NSW,-0.5903698367918458,2.638817401297038,2,-33.8257,151.1931,2021-03-12,2024-09-30,1298
W0231,2155,NSW,-0.5881742125928371,2.634419171582013,2,-33.6999,150.9411,2021-03-11,2024-09-30,1299
W0183,2120,NSW,-0.5883819067738243,2.636693335597362,2,-33.7118,151.0714,2021-03-05,2024-09-30,1305
S0167,2233,NSW,-0.594345696827889,2.636068507725148,2,-34.0535,151.0356,2021-03-03,2024-09-30,1308
W0253,2213,NSW,-0.5927312672697942,2.635241221659702,2,-33.961,150.9882,2021-03-01,2024-09-30,1309
W0155,2076,NSW,-0.5882684603724447,2.637590434832887,2,-33.7053,151.1228,2021-04-01,2024-09-30,1278
W0037,2282,NSW,-0.5754786876138303,2.646838934539205,2,-32.9725,151.6527,2021-02-27,2024-09-30,1311
W0199,2530,NSW,-0.6028890835164012,2.63183433895981,2,-34.543,150.793,2021-02-23,2024-09-30,1315
W0250,2080,NSW,-0.5871636669559324,2.637693409258755,2,-33.642,151.1287,2021-02-22,2024-09-30,1316
W0291,2207,NSW,-0.5922827176520317,2.637641049381195,2,-33.9353,151.1257,2021-02-18,2024-09-30,1320
W0024,2137,NSW,-0.5909143795184683,2.637038910789256,2,-33.8569,151.0912,2021-02-16,2024-09-30,1323
W0324,2170,NSW,-0.5925776782956187,2.633693114613183,2,-33.9522,150.8995,2021-02-09,2024-09-30,1329
W0081,2101,NSW,-0.587907177217282,2.640046113090443,2,-33.6846,151.2635,2021-02-09,2024-09-30,1330
W0142,2519,NSW,-0.600196040480574,2.633593630845819,2,-34.3887,150.8938,2021-02-24,2024-09-30,1314
S0081,2233,NSW,-0.594345696827889,2.636068507725148,2,-34.0535,151.0356,2018-01-01,2024-09-30,2465
