experiment_no,exp_date,dataset_no,dataset_label,forecast_horizon_min,horizon_label,model_no,hyperparameter_no,model_name,test_RMSE,test_RMSE_stddev,test_nRMSE,test_nRMSE_stddev,result_source
E00252,2025-06-25,ds11,AEDP_148hh_weather,1440,1_day,m1,hp1,m1_naive_hp1,67.2124,9.26323108016012,24.29791264487488,3.348744868432324,ch5_data_xlsx_3.3.1_dataset
E00253,2025-06-25,ds11,AEDP_148hh_weather,1440,1_day,m2,hp2,m2_snaive_hp2,83.0592,12.044572911574,30.02667939179663,4.354226012614508,ch5_data_xlsx_3.3.1_dataset
E00254,2025-06-25,ds11,AEDP_148hh_weather,1440,1_day,m3,hp1,m3_ets_hp1,66.89722222222223,9.768205781741315,24.18397292375125,3.531297956655503,ch5_data_xlsx_3.3.1_dataset
E00255,2025-06-25,ds11,AEDP_148hh_weather,1440,1_day,m4,hp1,m4_arima_hp1,102.4071111111111,11.38564841636659,37.02113062458376,4.116018630879622,ch5_data_xlsx_3.3.1_dataset
E00256,2025-06-25,ds11,AEDP_148hh_weather,1440,1_day,m6,hp1,m6_lr_hp1,57.9539,7.774553884307448,20.95087810626929,2.810574107363746,ch5_data_xlsx_3.3.1_dataset
E00257,2025-06-25,ds11,AEDP_148hh_weather,1440,1_day,m7,hp1,m7_ann_hp1,56.3744,6.895516662618142,20.37987405013412,2.492793911682588,ch5_data_xlsx_3.3.1_dataset
E00258,2025-06-25,ds11,AEDP_148hh_weather,1440,1_day,m8,hp1,m8_dnn_hp1,56.4515,6.728315907004102,20.40774642286474,2.432349271198585,ch5_data_xlsx_3.3.1_dataset
E00259,2025-06-25,ds11,AEDP_148hh_weather,1440,1_day,m9,hp3,m9_rt_hp3,72.80900000000001,7.404831005649097,26.32113600705667,2.676915820969388,ch5_data_xlsx_3.3.1_dataset
E00260,2025-06-25,ds11,AEDP_148hh_weather,1440,1_day,m10,hp1,m10_rf_hp1,60.5591,7.242960957601064,21.89268232725275,2.618398281240218,ch5_data_xlsx_3.3.1_dataset
E00261,2025-06-26,ds11,AEDP_148hh_weather,1440,1_day,m13,hp2,m13_lstm_hp2,71.6874,8.407478816175777,25.91566709324773,3.039382403233259,ch5_data_xlsx_3.3.1_dataset
E00262,2025-06-26,ds11,AEDP_148hh_weather,1440,1_day,m16,hp1,m16_prophet_hp1,92.473,8.741746321530956,33.42985633617479,3.16022323982205,ch5_data_xlsx_3.3.1_dataset
E00263,2025-06-26,ds11,AEDP_148hh_weather,1440,1_day,m17,hp1,m17_xgb_hp1,49.1725,6.678267593886575,17.77631968996956,2.414256336856812,ch5_data_xlsx_3.3.1_dataset
E00039,2026-05-15,ds20,ASHD_148hh_weather,30,30_min,m1,hp1,m1_naive_hp1,15.8506,2.0183245086512285,4.224911373510676,0.5379759865264356,publication_journal_article_1_experiment_result
E00040,2026-05-15,ds20,ASHD_148hh_weather,30,30_min,m2,hp2,m2_snaive_hp2,41.067,3.645804895127183,10.946237705573472,0.9717741011080796,publication_journal_article_1_experiment_result
E00041,2026-05-15,ds20,ASHD_148hh_weather,30,30_min,m3,hp1,m3_ets_hp1,15.556666666666665,1.8984942059432257,4.146564668461408,0.5060357187257044,publication_journal_article_1_experiment_result
E00042,2026-05-15,ds20,ASHD_148hh_weather,30,30_min,m4,hp1,m4_arima_hp1,13.345222222222224,1.2763581763926783,3.5571133678658264,0.3402079527661269,publication_journal_article_1_experiment_result
E00043,2026-05-15,ds20,ASHD_148hh_weather,30,30_min,m6,hp1,m6_lr_hp1,9.9688,0.6778499997951037,2.657142095583336,0.180678092543408,publication_journal_article_1_experiment_result
E00044,2026-05-15,ds20,ASHD_148hh_weather,30,30_min,m7,hp1,m7_ann_hp1,24.504,3.3699479389318627,6.531439080949968,0.8982455790526594,publication_journal_article_1_experiment_result
E00045,2026-05-15,ds20,ASHD_148hh_weather,30,30_min,m8,hp1,m8_dnn_hp1,15.5247,0.971329106602563,4.138044086680705,0.2589037254051665,publication_journal_article_1_experiment_result
E00046,2026-05-15,ds20,ASHD_148hh_weather,30,30_min,m9,hp3,m9_rt_hp3,27.954700000000003,3.573444869217004,7.45120878535064,0.952486837758084,publication_journal_article_1_experiment_result
E00047,2026-05-15,ds20,ASHD_148hh_weather,30,30_min,m10,hp1,m10_rf_hp1,18.6361,1.9803056694471304,4.967374790095156,0.5278422233779698,publication_journal_article_1_experiment_result
E00048,2026-05-16,ds20,ASHD_148hh_weather,30,30_min,m13,hp2,m13_lstm_hp2,35.59410000000001,5.749389831393705,9.487459018578244,1.5324758992973064,publication_journal_article_1_experiment_result
E00049,2026-05-16,ds20,ASHD_148hh_weather,30,30_min,m16,hp1,m16_prophet_hp1,34.42133333333333,4.424182777643799,9.17486295101776,1.1792474818465757,publication_journal_article_1_experiment_result
E00050,2026-05-16,ds20,ASHD_148hh_weather,30,30_min,m17,hp1,m17_xgb_hp1,9.7987,0.9099073273935342,2.6118026494655755,0.2425320061288307,publication_journal_article_1_experiment_result
E00051,2026-05-16,ds20,ASHD_148hh_weather,1440,1_day,m1,hp1,m1_naive_hp1,34.1082,3.394064191103836,9.09139856598342,0.9046736655659656,publication_journal_article_1_experiment_result
E00052,2026-05-16,ds20,ASHD_148hh_weather,1440,1_day,m2,hp2,m2_snaive_hp2,41.0916,3.647252091948432,10.952794733054349,0.9721598453896716,publication_journal_article_1_experiment_result
E00053,2026-05-16,ds20,ASHD_148hh_weather,1440,1_day,m3,hp1,m3_ets_hp1,34.29822222222222,3.54288613907425,9.142048197409768,0.944341535590332,publication_journal_article_1_experiment_result
E00054,2026-05-16,ds20,ASHD_148hh_weather,1440,1_day,m4,hp1,m4_arima_hp1,60.69855555555556,7.4314511724008385,16.178947025496583,1.98082233984616,publication_journal_article_1_experiment_result
E00055,2026-05-16,ds20,ASHD_148hh_weather,1440,1_day,m6,hp1,m6_lr_hp1,29.1234,2.537491114379625,7.762720899858732,0.6763576816855359,publication_journal_article_1_experiment_result
E00056,2026-05-16,ds20,ASHD_148hh_weather,1440,1_day,m7,hp1,m7_ann_hp1,30.5762,2.9160200730904906,8.149958685395953,0.7772529981316445,publication_journal_article_1_experiment_result
E00057,2026-05-16,ds20,ASHD_148hh_weather,1440,1_day,m8,hp1,m8_dnn_hp1,28.8502,2.5160172142142083,7.689900578404456,0.6706339030877226,publication_journal_article_1_experiment_result
E00058,2026-05-16,ds20,ASHD_148hh_weather,1440,1_day,m9,hp3,m9_rt_hp3,37.97420000000001,2.86408417784425,10.12186475464456,0.7634097016936986,publication_journal_article_1_experiment_result
E00059,2026-05-16,ds20,ASHD_148hh_weather,1440,1_day,m10,hp1,m10_rf_hp1,31.8525,1.8978363265103293,8.490151131487059,0.505860363704542,publication_journal_article_1_experiment_result
E00060,2026-05-16,ds20,ASHD_148hh_weather,1440,1_day,m13,hp2,m13_lstm_hp2,37.1558,5.5107870540926855,9.903723645280806,1.4688773233714547,publication_journal_article_1_experiment_result
E00061,2026-05-16,ds20,ASHD_148hh_weather,1440,1_day,m16,hp1,m16_prophet_hp1,34.562222222222225,4.116790278171145,9.212416297204523,1.0973132921531956,publication_journal_article_1_experiment_result
E00062,2026-05-16,ds20,ASHD_148hh_weather,1440,1_day,m17,hp1,m17_xgb_hp1,22.8374,2.0488401163151364,6.087213796412293,0.5461097945771615,publication_journal_article_1_experiment_result
E00063,2026-05-16,ds20,ASHD_148hh_weather,10080,1_week,m1,hp1,m1_naive_hp1,41.0332,3.209205329118792,10.937228456433084,0.8554003062928255,publication_journal_article_1_experiment_result
E00064,2026-05-16,ds20,ASHD_148hh_weather,10080,1_week,m2,hp2,m2_snaive_hp2,41.0332,3.209205329118792,10.937228456433084,0.8554003062928255,publication_journal_article_1_experiment_result
E00065,2026-05-16,ds20,ASHD_148hh_weather,10080,1_week,m3,hp1,m3_ets_hp1,41.19711111111111,3.359184664633833,10.980918280009355,0.8953766731438642,publication_journal_article_1_experiment_result
E00066,2026-05-16,ds20,ASHD_148hh_weather,10080,1_week,m4,hp1,m4_arima_hp1,66.9571111111111,9.013072012977103,17.84713892664955,2.402396783585336,publication_journal_article_1_experiment_result
E00067,2026-05-16,ds20,ASHD_148hh_weather,10080,1_week,m6,hp1,m6_lr_hp1,32.8524,2.794435073101141,8.756670309459713,0.7448450230831728,publication_journal_article_1_experiment_result
E00068,2026-05-16,ds20,ASHD_148hh_weather,10080,1_week,m7,hp1,m7_ann_hp1,33.1483,2.962669556329224,8.835541221313004,0.7896872234798153,publication_journal_article_1_experiment_result
E00069,2026-05-16,ds20,ASHD_148hh_weather,10080,1_week,m8,hp1,m8_dnn_hp1,32.180400000000006,3.166981079128126,8.577551509982142,0.8441456084250142,publication_journal_article_1_experiment_result
E00070,2026-05-16,ds20,ASHD_148hh_weather,10080,1_week,m9,hp3,m9_rt_hp3,39.1863,3.3909058131026466,10.444944958285577,0.9038318130721132,publication_journal_article_1_experiment_result
E00071,2026-05-16,ds20,ASHD_148hh_weather,10080,1_week,m10,hp1,m10_rf_hp1,33.745200000000004,2.448791574997305,8.994642428765626,0.6527151891135495,publication_journal_article_1_experiment_result
E00072,2026-05-17,ds20,ASHD_148hh_weather,10080,1_week,m13,hp2,m13_lstm_hp2,37.9431,5.54242033872487,10.113575179252072,1.477309043560218,publication_journal_article_1_experiment_result
E00073,2026-05-17,ds20,ASHD_148hh_weather,10080,1_week,m16,hp1,m16_prophet_hp1,36.544777777777774,5.237057565507987,9.74085821834842,1.395915868941543,publication_journal_article_1_experiment_result
E00074,2026-05-17,ds20,ASHD_148hh_weather,10080,1_week,m17,hp1,m17_xgb_hp1,24.8024,2.0996828437753265,6.6109763573846525,0.5596617116974509,publication_journal_article_1_experiment_result
