experiment_folder,experiment_no,exp_date,dataset_no,dataset,dataset_freq_min,dataset_length_week,forecast_horizon_min,train_pct,test_pct,model_no,hyperparameter_no,model_name,hyperparamter,run_seed,seed_keys_overridden,runtime_ms,train_RMSE,train_RMSE_stddev,test_RMSE,test_RMSE_stddev,train_nRMSE,train_nRMSE_stddev,test_nRMSE,test_nRMSE_stddev,dataset_id,aggregation_level_hh,sample_no,sample_label,filename,unique_households,total_household_weight,runtime_s
E00085_260525_ds25_fh1440_m1_naive_hp1,E00085,2026-05-25,ds25,aedp,30,140,1440,0.9,0.1,m1,hp1,m1_naive_hp1,hyperparameter_1: No hyperparameter,,,1.6513824462890625,1.23,0.0279404127862611,1.2098,0.2365073642264302,23.271556243889087,0.5286316159617512,22.88937296248538,4.474710917633605,ds25,1,1,1hh_sample01,ds25_aedp_1hh_sample01_30min_with_weather.csv,1,1,0.0016513824462890624
E00086_260525_ds25_fh1440_m6_lr_hp1,E00086,2026-05-25,ds25,aedp,30,140,1440,0.9,0.1,m6,hp1,m6_lr_hp1,num_features: 50,,,709.0479850769043,1.0364,0.0333439982938792,1.0242,0.2644309613742939,19.608651131029795,0.6308672615383359,19.3778275650335,5.003024382315077,ds25,1,1,1hh_sample01,ds25_aedp_1hh_sample01_30min_with_weather.csv,1,1,0.7090479850769043
E00087_260525_ds25_fh1440_m17_xgb_hp1,E00087,2026-05-25,ds25,aedp,30,140,1440,0.9,0.1,m17,hp1,m17_xgb_hp1,"xgb_seed: 1, n_estimators: 200, learning_rate: 0.1, max_depth: 6, subsample: 0.8, colsample_bytree: 0.8",,,30423.9205121994,0.4614999999999999,0.008249579113843,1.0416,0.2979314611711149,8.73156358256489,0.1560817433627732,19.707034946044608,5.636852646721674,ds25,1,1,1hh_sample01,ds25_aedp_1hh_sample01_30min_with_weather.csv,1,1,30.4239205121994
E00088_260525_ds26_fh1440_m1_naive_hp1,E00088,2026-05-25,ds26,aedp,30,140,1440,0.9,0.1,m1,hp1,m1_naive_hp1,hyperparameter_1: No hyperparameter,,,1.9336462020874023,2.1221,0.0129138168899309,2.1193,0.1166838558765617,25.456524823644504,0.1549130108036972,25.422936270086137,1.3997292651808348,ds26,1,2,1hh_sample02,ds26_aedp_1hh_sample02_30min_with_weather.csv,1,1,0.0019336462020874024
E00089_260525_ds26_fh1440_m6_lr_hp1,E00089,2026-05-25,ds26,aedp,30,140,1440,0.9,0.1,m6,hp1,m6_lr_hp1,num_features: 50,,,1009.2128992080688,1.7121,0.0133454111963626,1.7140999999999995,0.1193626127953528,20.53820090974117,0.1600903781169352,20.562192733711434,1.431863397408213,ds26,1,2,1hh_sample02,ds26_aedp_1hh_sample02_30min_with_weather.csv,1,1,1.009212899208069
E00090_260525_ds26_fh1440_m17_xgb_hp1,E00090,2026-05-25,ds26,aedp,30,140,1440,0.9,0.1,m17,hp1,m17_xgb_hp1,"xgb_seed: 1, n_estimators: 200, learning_rate: 0.1, max_depth: 6, subsample: 0.8, colsample_bytree: 0.8",,,30795.95320224762,0.8160999999999999,0.0115609495957535,1.5898,0.1006509921571676,9.789863771064642,0.1386841338151847,19.07110087395977,1.207400443133401,ds26,1,2,1hh_sample02,ds26_aedp_1hh_sample02_30min_with_weather.csv,1,1,30.79595320224762
E00091_260525_ds27_fh1440_m1_naive_hp1,E00091,2026-05-25,ds27,aedp,30,140,1440,0.9,0.1,m1,hp1,m1_naive_hp1,hyperparameter_1: No hyperparameter,,,1.391911506652832,1.2577,0.0296312522703835,1.234,0.257232709169473,13.889972422822025,0.3272459862362321,13.62823087362835,2.840864464190012,ds27,1,3,1hh_sample03,ds27_aedp_1hh_sample03_30min_with_weather.csv,1,1,0.0013919115066528321
E00092_260525_ds27_fh1440_m6_lr_hp1,E00092,2026-05-25,ds27,aedp,30,140,1440,0.9,0.1,m6,hp1,m6_lr_hp1,num_features: 50,,,733.0720663070679,1.0053999999999996,0.0274517758988375,0.9895,0.2240864168623841,11.103584538367864,0.3031759642143151,10.927985777516414,2.474798561300403,ds27,1,3,1hh_sample03,ds27_aedp_1hh_sample03_30min_with_weather.csv,1,1,0.7330720663070679
E00093_260525_ds27_fh1440_m17_xgb_hp1,E00093,2026-05-25,ds27,aedp,30,140,1440,0.9,0.1,m17,hp1,m17_xgb_hp1,"xgb_seed: 1, n_estimators: 200, learning_rate: 0.1, max_depth: 6, subsample: 0.8, colsample_bytree: 0.8",,,29482.06729888916,0.5588,0.0193436753947582,0.9414,0.237105789797625,6.171357708414524,0.2136305301655507,10.396771916072716,2.618583828878467,ds27,1,3,1hh_sample03,ds27_aedp_1hh_sample03_30min_with_weather.csv,1,1,29.48206729888916
E00094_260525_ds28_fh1440_m1_naive_hp1,E00094,2026-05-25,ds28,aedp,30,140,1440,0.9,0.1,m1,hp1,m1_naive_hp1,hyperparameter_1: No hyperparameter,,,0.0,5.0585,0.0799947914971136,5.0134,0.7135073308040435,15.238295400084436,0.2409774168827082,15.102435535985627,2.149379356907735,ds28,10,1,10hh_sample01,ds28_aedp_10hh_sample01_30min_with_weather.csv,10,10,0.0
E00095_260525_ds28_fh1440_m6_lr_hp1,E00095,2026-05-25,ds28,aedp,30,140,1440,0.9,0.1,m6,hp1,m6_lr_hp1,num_features: 50,,,672.4373817443848,4.2348,0.0621267521550366,4.221000000000001,0.5664893840331188,12.756970121632415,0.187151487908724,12.715398810666484,1.7065004596043372,ds28,10,1,10hh_sample01,ds28_aedp_10hh_sample01_30min_with_weather.csv,10,10,0.6724373817443847
E00096_260525_ds28_fh1440_m17_xgb_hp1,E00096,2026-05-25,ds28,aedp,30,140,1440,0.9,0.1,m17,hp1,m17_xgb_hp1,"xgb_seed: 1, n_estimators: 200, learning_rate: 0.1, max_depth: 6, subsample: 0.8, colsample_bytree: 0.8",,,29850.59721469879,2.2186,0.0264751455771886,4.0297,0.4988914488922192,6.6833413412330405,0.079754094902726,12.139124043435851,1.5028675043581623,ds28,10,1,10hh_sample01,ds28_aedp_10hh_sample01_30min_with_weather.csv,10,10,29.85059721469879
E00097_260525_ds29_fh1440_m1_naive_hp1,E00097,2026-05-25,ds29,aedp,30,140,1440,0.9,0.1,m1,hp1,m1_naive_hp1,hyperparameter_1: No hyperparameter,,,2.300667762756348,5.470799999999999,0.054751560099538,5.452,0.4790687726087861,18.685701554166183,0.1870057965279234,18.621489521334,1.6362755189165168,ds29,10,2,10hh_sample02,ds29_aedp_10hh_sample02_30min_with_weather.csv,10,10,0.0023006677627563483
E00098_260525_ds29_fh1440_m6_lr_hp1,E00098,2026-05-25,ds29,aedp,30,140,1440,0.9,0.1,m6,hp1,m6_lr_hp1,num_features: 50,,,721.9732522964478,4.6208,0.0399215898147022,4.631,0.3563864943194864,15.782497942072656,0.1363535338241874,15.81733638541778,1.2172500677760956,ds29,10,2,10hh_sample02,ds29_aedp_10hh_sample02_30min_with_weather.csv,10,10,0.7219732522964477
E00099_260525_ds29_fh1440_m17_xgb_hp1,E00099,2026-05-25,ds29,aedp,30,140,1440,0.9,0.1,m17,hp1,m17_xgb_hp1,"xgb_seed: 1, n_estimators: 200, learning_rate: 0.1, max_depth: 6, subsample: 0.8, colsample_bytree: 0.8",,,25706.168699264526,2.3711,0.0253265341753136,4.2671,0.3761286570665239,8.098571864276419,0.0865036299995066,14.574423686075622,1.2846800891851986,ds29,10,2,10hh_sample02,ds29_aedp_10hh_sample02_30min_with_weather.csv,10,10,25.706168699264527
E00100_260525_ds30_fh1440_m1_naive_hp1,E00100,2026-05-25,ds30,aedp,30,140,1440,0.9,0.1,m1,hp1,m1_naive_hp1,hyperparameter_1: No hyperparameter,,,0.7076740264892578,8.0683,0.1494590616560637,7.972700000000001,1.313066559199833,23.37734936015693,0.4330474448613759,23.100354875714,3.804520864067237,ds30,10,3,10hh_sample03,ds30_aedp_10hh_sample03_30min_with_weather.csv,10,10,0.0007076740264892578
E00101_260525_ds30_fh1440_m6_lr_hp1,E00101,2026-05-25,ds30,aedp,30,140,1440,0.9,0.1,m6,hp1,m6_lr_hp1,num_features: 50,,,715.4131174087524,6.8065,0.1188661712459297,6.7784,1.06023909253212,19.72136985733156,0.344406629936956,19.639952022469146,3.0719705106923545,ds30,10,3,10hh_sample03,ds30_aedp_10hh_sample03_30min_with_weather.csv,10,10,0.7154131174087525
E00102_260525_ds30_fh1440_m17_xgb_hp1,E00102,2026-05-25,ds30,aedp,30,140,1440,0.9,0.1,m17,hp1,m17_xgb_hp1,"xgb_seed: 1, n_estimators: 200, learning_rate: 0.1, max_depth: 6, subsample: 0.8, colsample_bytree: 0.8",,,24154.35037612915,2.6748,0.0449562750532855,5.823200000000001,0.8466092893943986,7.750050700711149,0.1302577430006276,16.872325123516212,2.452992715903854,ds30,10,3,10hh_sample03,ds30_aedp_10hh_sample03_30min_with_weather.csv,10,10,24.154350376129152
E00103_260525_ds31_fh1440_m1_naive_hp1,E00103,2026-05-25,ds31,aedp,30,140,1440,0.9,0.1,m1,hp1,m1_naive_hp1,hyperparameter_1: No hyperparameter,,,1.1934995651245115,51.44770000000001,0.7632478918702927,51.0246,6.983136468187725,23.60067320918379,0.350125740774207,23.40658397225375,3.203383664592049,ds31,100,1,100hh_sample01,ds31_aedp_100hh_sample01_30min_with_weather.csv,100,100,0.0011934995651245114
E00104_260525_ds31_fh1440_m6_lr_hp1,E00104,2026-05-25,ds31,aedp,30,140,1440,0.9,0.1,m6,hp1,m6_lr_hp1,num_features: 50,,,633.643388748169,43.9458,0.6364292401970364,43.9315,5.911274354993175,20.159316445947027,0.2919500486641652,20.15275658754925,2.7116869034382995,ds31,100,1,100hh_sample01,ds31_aedp_100hh_sample01_30min_with_weather.csv,100,100,0.633643388748169
E00105_260525_ds31_fh1440_m17_xgb_hp1,E00105,2026-05-25,ds31,aedp,30,140,1440,0.9,0.1,m17,hp1,m17_xgb_hp1,"xgb_seed: 1, n_estimators: 200, learning_rate: 0.1, max_depth: 6, subsample: 0.8, colsample_bytree: 0.8",,,24214.19050693512,17.301499999999997,0.3535289552812078,37.6531,4.610844329765789,7.936740564275823,0.1621748172139071,17.272657638975467,2.115138873948115,ds31,100,1,100hh_sample01,ds31_aedp_100hh_sample01_30min_with_weather.csv,100,100,24.214190506935118
E00106_260525_ds32_fh1440_m1_naive_hp1,E00106,2026-05-25,ds32,aedp,30,140,1440,0.9,0.1,m1,hp1,m1_naive_hp1,hyperparameter_1: No hyperparameter,,,4.417705535888672,50.417,0.645736272276331,50.1074,5.915079978796192,24.41745075361188,0.3127364505648533,24.267508417627624,2.864731620007768,ds32,100,2,100hh_sample02,ds32_aedp_100hh_sample02_30min_with_weather.csv,100,100,0.004417705535888672
E00107_260525_ds32_fh1440_m6_lr_hp1,E00107,2026-05-25,ds32,aedp,30,140,1440,0.9,0.1,m6,hp1,m6_lr_hp1,num_features: 50,,,602.2982597351074,43.0094,0.5181407359224155,43.0866,4.784148018891837,20.82987695504284,0.2509406728449895,20.86726567706476,2.31701010867924,ds32,100,2,100hh_sample02,ds32_aedp_100hh_sample02_30min_with_weather.csv,100,100,0.6022982597351074
E00108_260525_ds32_fh1440_m17_xgb_hp1,E00108,2026-05-25,ds32,aedp,30,140,1440,0.9,0.1,m17,hp1,m17_xgb_hp1,"xgb_seed: 1, n_estimators: 200, learning_rate: 0.1, max_depth: 6, subsample: 0.8, colsample_bytree: 0.8",,,24172.734332084656,17.023,0.3277671938027557,36.8274,3.9628925238461306,8.24440692978033,0.1587408872667622,17.83587333406522,1.9192679660207792,ds32,100,2,100hh_sample02,ds32_aedp_100hh_sample02_30min_with_weather.csv,100,100,24.172734332084655
E00109_260525_ds33_fh1440_m1_naive_hp1,E00109,2026-05-25,ds33,aedp,30,140,1440,0.9,0.1,m1,hp1,m1_naive_hp1,hyperparameter_1: No hyperparameter,,,1.0483264923095703,49.0975,0.6397732671293276,48.7848,5.867003414577724,22.918771486853,0.2986469232187882,22.772802754352583,2.7387241829277063,ds33,100,3,100hh_sample03,ds33_aedp_100hh_sample03_30min_with_weather.csv,100,100,0.0010483264923095703
E00110_260525_ds33_fh1440_m6_lr_hp1,E00110,2026-05-25,ds33,aedp,30,140,1440,0.9,0.1,m6,hp1,m6_lr_hp1,num_features: 50,,,612.1553182601929,41.9529,0.508961131456355,42.0116,4.706281197624205,19.583663695927388,0.2375836624581363,19.61106492585312,2.196897669356321,ds33,100,3,100hh_sample03,ds33_aedp_100hh_sample03_30min_with_weather.csv,100,100,0.6121553182601929
E00111_260525_ds33_fh1440_m17_xgb_hp1,E00111,2026-05-25,ds33,aedp,30,140,1440,0.9,0.1,m17,hp1,m17_xgb_hp1,"xgb_seed: 1, n_estimators: 200, learning_rate: 0.1, max_depth: 6, subsample: 0.8, colsample_bytree: 0.8",,,23965.020966529846,16.3377,0.3385889182409183,35.872400000000006,3.8924837315010063,7.626457822104143,0.1580537103751587,16.745279052599123,1.8170160427427955,ds33,100,3,100hh_sample03,ds33_aedp_100hh_sample03_30min_with_weather.csv,100,100,23.965020966529845
E00112_260525_ds34_fh1440_m1_naive_hp1,E00112,2026-05-25,ds34,aedp,30,140,1440,0.9,0.1,m1,hp1,m1_naive_hp1,hyperparameter_1: No hyperparameter,,,1.5792608261108398,480.3123,6.727241122646206,476.7708,61.736809718172005,25.49707307642108,0.3571113180045881,25.309074800507386,3.277259293358372,ds34,1000,1,1000hh_sample01,ds34_aedp_1000hh_sample01_30min_with_weather.csv,139,1000,0.0015792608261108398
E00113_260525_ds34_fh1440_m6_lr_hp1,E00113,2026-05-25,ds34,aedp,30,140,1440,0.9,0.1,m6,hp1,m6_lr_hp1,num_features: 50,,,864.8513078689575,410.6905,5.4423817549549725,410.9813,50.44864463117144,21.801244087007376,0.288905375348222,21.8166810201249,2.678034226413474,ds34,1000,1,1000hh_sample01,ds34_aedp_1000hh_sample01_30min_with_weather.csv,139,1000,0.8648513078689575
E00114_260525_ds34_fh1440_m17_xgb_hp1,E00114,2026-05-25,ds34,aedp,30,140,1440,0.9,0.1,m17,hp1,m17_xgb_hp1,"xgb_seed: 1, n_estimators: 200, learning_rate: 0.1, max_depth: 6, subsample: 0.8, colsample_bytree: 0.8",,,28045.01061439514,160.7808,3.0569490527503187,352.2712,42.21634108783523,8.534946548080162,0.1622761969428452,18.7000926878586,2.2410276266829983,ds34,1000,1,1000hh_sample01,ds34_aedp_1000hh_sample01_30min_with_weather.csv,139,1000,28.045010614395142
E00115_260525_ds35_fh1440_m1_naive_hp1,E00115,2026-05-25,ds35,aedp,30,140,1440,0.9,0.1,m1,hp1,m1_naive_hp1,hyperparameter_1: No hyperparameter,,,2.626180648803711,474.774,6.381238542268523,471.58720000000005,58.23699484539206,24.637440136810167,0.3311415169824943,24.472067571699217,3.022091509330901,ds35,1000,2,1000hh_sample02,ds35_aedp_1000hh_sample02_30min_with_weather.csv,139,1000,0.002626180648803711
E00116_260525_ds35_fh1440_m6_lr_hp1,E00116,2026-05-25,ds35,aedp,30,140,1440,0.9,0.1,m6,hp1,m6_lr_hp1,num_features: 50,,,1054.2954206466677,406.1347,5.145569033428451,406.6586,47.37287229159275,21.075541960451403,0.2670189374964028,21.10272869537723,2.4583197588597305,ds35,1000,2,1000hh_sample02,ds35_aedp_1000hh_sample02_30min_with_weather.csv,139,1000,1.0542954206466677
E00117_260525_ds35_fh1440_m17_xgb_hp1,E00117,2026-05-25,ds35,aedp,30,140,1440,0.9,0.1,m17,hp1,m17_xgb_hp1,"xgb_seed: 1, n_estimators: 200, learning_rate: 0.1, max_depth: 6, subsample: 0.8, colsample_bytree: 0.8",,,29472.812032699585,161.40260000000004,3.909974486986955,353.3439,39.69429969837539,8.375662726740547,0.2029002480329506,18.336069759416137,2.0598557052225384,ds35,1000,2,1000hh_sample02,ds35_aedp_1000hh_sample02_30min_with_weather.csv,139,1000,29.472812032699586
E00118_260525_ds36_fh1440_m1_naive_hp1,E00118,2026-05-25,ds36,aedp,30,140,1440,0.9,0.1,m1,hp1,m1_naive_hp1,hyperparameter_1: No hyperparameter,,,1.950335502624512,482.145,6.123026502927737,479.273,55.72702221244795,24.25218597933058,0.3079919474543415,24.10772263711478,2.8031030224736835,ds36,1000,3,1000hh_sample03,ds36_aedp_1000hh_sample03_30min_with_weather.csv,139,1000,0.001950335502624512
E00119_260525_ds36_fh1440_m6_lr_hp1,E00119,2026-05-25,ds36,aedp,30,140,1440,0.9,0.1,m6,hp1,m6_lr_hp1,num_features: 50,,,685.515570640564,412.2436,4.836289376508948,413.1599,44.40665258832285,20.736103155666378,0.2432682894335845,20.78219360151329,2.233681563205109,ds36,1000,3,1000hh_sample03,ds36_aedp_1000hh_sample03_30min_with_weather.csv,139,1000,0.685515570640564
E00120_260525_ds36_fh1440_m17_xgb_hp1,E00120,2026-05-25,ds36,aedp,30,140,1440,0.9,0.1,m17,hp1,m17_xgb_hp1,"xgb_seed: 1, n_estimators: 200, learning_rate: 0.1, max_depth: 6, subsample: 0.8, colsample_bytree: 0.8",,,27928.684377670288,161.7223,3.001646549997365,353.6194,35.83875594071002,8.134729794159629,0.1509846423270014,17.787270332989642,1.8027111643632887,ds36,1000,3,1000hh_sample03,ds36_aedp_1000hh_sample03_30min_with_weather.csv,139,1000,27.928684377670287
