experiment_folder,experiment_no,exp_date,dataset_no,dataset,dataset_freq_min,dataset_length_week,forecast_horizon_min,train_pct,test_pct,model_no,hyperparameter_no,model_name,hyperparamter,run_seed,seed_keys_overridden,runtime_ms,train_RMSE,train_RMSE_stddev,test_RMSE,test_RMSE_stddev,train_nRMSE,train_nRMSE_stddev,test_nRMSE,test_nRMSE_stddev
E00001_260526_ds22_fh1440_m1_naive_hp1,E00001,2026-05-26,ds22,sa,30,40,1440,0.9,0.1,m1,hp1,m1_naive_hp1,hyperparameter_1: No hyperparameter,,,1.6161203384399414,7.984899999999999,0.1902019102602983,7.8362,1.6280198469988696,5.806356681236613,0.1383085739863802,5.698226931521541,1.1838424921799515
E00002_260526_ds22_fh1440_m2_snaive_hp2,E00002,2026-05-26,ds22,sa,30,40,1440,0.9,0.1,m2,hp2,m2_snaive_hp2,days: 7,,,7.235598564147949,9.4166,0.2279274738449344,9.203500000000002,2.111632767420615,6.847441837033988,0.1657413631475557,6.692482525236531,1.5355099033714692
E00003_260526_ds22_fh1440_m3_ets_hp1,E00003,2026-05-26,ds22,sa,30,40,1440,0.9,0.1,m3,hp1,m3_ets_hp1,"trend: False, damped_trend: False, seasonal_periods_days: None",,,423.047399520874,5.2509,0.2974231740205266,7.673111111111112,1.6378806767011789,3.818281794074482,0.2162763508157503,5.579634055012698,1.1910129632471589
E00004_260526_ds22_fh1440_m4_arima_hp1,E00004,2026-05-26,ds22,sa,30,40,1440,0.9,0.1,m4,hp1,m4_arima_hp1,"p: 1, d: 0, q: 1",,,1521.9160556793213,5.1497,0.3087883309539616,14.40011111111111,2.409768736022424,3.744692482230733,0.2245407191727433,10.47128722470533,1.75230457496511
E00005_260526_ds22_fh1440_m6_lr_hp1,E00005,2026-05-26,ds22,sa,30,40,1440,0.9,0.1,m6,hp1,m6_lr_hp1,num_features: 50,,,293.4429883956909,6.646599999999999,0.1557442347782629,6.581799999999999,1.3811586762167805,4.833188933800958,0.1132520855826433,4.786068504873341,1.0043331672906637
E00006_260526_ds22_fh1440_m7_ann_hp1,E00006,2026-05-26,ds22,sa,30,40,1440,0.9,0.1,m7,hp1,m7_ann_hp1,"seed: 99, hidden_size: 10, activation_function: relu, learning_rate: 0.001, solver: adam, epochs: 500",,,6478.916692733765,7.5622,0.1519026003727389,7.5067,1.6530548858267096,5.49898314253748,0.1104585753824678,5.458625367761511,1.202047149090251
E00007_260526_ds22_fh1440_m8_dnn_hp1,E00007,2026-05-26,ds22,sa,30,40,1440,0.9,0.1,m8,hp1,m8_dnn_hp1,"seed: 1, n_hidden: 3, hidden_size: 10, activation_function: relu, learning_rate: 0.001, solver: adam, epochs: 500",,,7726.889491081238,7.284899999999999,0.149582715876163,7.2433,1.5421748027452085,5.297339702080253,0.1087716316704124,5.2670895501761015,1.1214187991777478
E00008_260526_ds22_fh1440_m9_rt_hp3,E00008,2026-05-26,ds22,sa,30,40,1440,0.9,0.1,m9,hp3,m9_rt_hp3,"seed: 1, max_depth: 15, min_samples_split: 2, min_samples_leaf: 1, max_features: sqrt",,,490.87114334106445,2.8398000000000003,0.1925275160709358,9.6494,1.7581560542543175,2.0650091677260503,0.1399996780498651,7.016726340959133,1.278473262317143
E00009_260526_ds22_fh1440_m10_rf_hp1,E00009,2026-05-26,ds22,sa,30,40,1440,0.9,0.1,m10,hp1,m10_rf_hp1,"seed: 1, n_estimators: 100, max_depth: 3, min_samples_split: 2, min_samples_leaf: 1",,,129719.81818675996,7.135599999999999,0.1474736888020668,7.1821,1.4246649859606373,5.18877365209733,0.1072380165415335,5.222586922855575,1.0359695249478906
E00010_260526_ds22_fh1440_m13_lstm_hp2,E00010,2026-05-26,ds22,sa,30,40,1440,0.9,0.1,m13,hp2,m13_lstm_hp2,"seed: 1, input_size: 1, hidden_size: 64, num_layers: 1, output_size: 1, batch_size: 4096, epochs: 100, learning_rate: 0.001",,,2387776.580953598,15.127,0.3113204851024818,15.0492,2.7633325613187503,10.999856919568968,0.2263820183947973,10.943283318171304,2.009404561095544
E00011_260526_ds22_fh1440_m16_prophet_hp1,E00011,2026-05-26,ds22,sa,30,40,1440,0.9,0.1,m16,hp1,m16_prophet_hp1,"seed: 1, seasonality_prior_scale: 10, seasonality_mode: additive, weekly_seasonality: True, daily_seasonality: True, growth: linear",,,1557.6871156692505,8.170000000000002,0.5832337057780146,9.23177777777778,1.5977169475362167,5.940955313867817,0.4241083700818501,6.713045195267529,1.161807220259725
E00012_260526_ds22_fh1440_m17_xgb_hp1,E00012,2026-05-26,ds22,sa,30,40,1440,0.9,0.1,m17,hp1,m17_xgb_hp1,"xgb_seed: 1, n_estimators: 200, learning_rate: 0.1, max_depth: 6, subsample: 0.8, colsample_bytree: 0.8",,,25372.088098526,2.4602000000000004,0.0459681048844377,6.749199999999999,1.4573138760518725,1.7889765316006858,0.0334264941225989,4.907796279603019,1.0597107241008177
E00013_260526_ds23_fh1440_m1_naive_hp1,E00013,2026-05-26,ds23,sa,30,40,1440,0.9,0.1,m1,hp1,m1_naive_hp1,hyperparameter_1: No hyperparameter,,,14.213132858276367,17.214299999999998,0.3133631368804498,17.0212,2.7268047560794995,16.982211025187546,0.3091382698116411,16.79171446424904,2.6900410584355505
E00014_260526_ds23_fh1440_m2_snaive_hp2,E00014,2026-05-26,ds23,sa,30,40,1440,0.9,0.1,m2,hp2,m2_snaive_hp2,days: 7,,,5.523538589477539,21.8109,0.3105552196380609,21.6627,2.6940594338903017,21.516838120008536,0.3063682098526819,21.370636202188308,2.657737219679128
E00015_260526_ds23_fh1440_m3_ets_hp1,E00015,2026-05-26,ds23,sa,30,40,1440,0.9,0.1,m3,hp1,m3_ets_hp1,"trend: False, damped_trend: False, seasonal_periods_days: None",,,609.0459823608398,13.0227,0.6378167709721445,17.156444444444446,2.856417822689421,12.847123584328717,0.6292175110258723,16.925135497665433,2.817906638144943
E00016_260526_ds23_fh1440_m4_arima_hp1,E00016,2026-05-26,ds23,sa,30,40,1440,0.9,0.1,m4,hp1,m4_arima_hp1,"p: 1, d: 0, q: 1",,,2339.141583442688,10.5238,0.6510084143508099,52.16133333333333,7.961476354923126,10.38191459349893,0.642231300237488,51.45807671655634,7.854137056478942
E00017_260526_ds23_fh1440_m6_lr_hp1,E00017,2026-05-26,ds23,sa,30,40,1440,0.9,0.1,m6,hp1,m6_lr_hp1,num_features: 50,,,376.8745183944702,14.7755,0.2169286877191571,14.962799999999998,1.9162654536595107,14.576291745970416,0.214003982285875,14.761066504457116,1.8904297191476012
E00018_260526_ds23_fh1440_m7_ann_hp1,E00018,2026-05-26,ds23,sa,30,40,1440,0.9,0.1,m7,hp1,m7_ann_hp1,"seed: 99, hidden_size: 10, activation_function: relu, learning_rate: 0.001, solver: adam, epochs: 500",,,7255.613303184509,15.3656,0.1947751980560608,15.5488,1.6915495723021408,15.158435819558258,0.1921491734116819,15.33916585562213,1.6687435327838307
E00019_260526_ds23_fh1440_m8_dnn_hp1,E00019,2026-05-26,ds23,sa,30,40,1440,0.9,0.1,m8,hp1,m8_dnn_hp1,"seed: 1, n_hidden: 3, hidden_size: 10, activation_function: relu, learning_rate: 0.001, solver: adam, epochs: 500",,,8926.131176948547,15.406500000000005,0.2383886882103815,15.730100000000002,1.60147018912831,15.198784392020116,0.2351746518421507,15.518021508124209,1.579878630111243
E00020_260526_ds23_fh1440_m9_rt_hp3,E00020,2026-05-26,ds23,sa,30,40,1440,0.9,0.1,m9,hp3,m9_rt_hp3,"seed: 1, max_depth: 15, min_samples_split: 2, min_samples_leaf: 1, max_features: sqrt",,,453.4237384796143,4.9325,0.5225708351771822,21.9409,1.9802532077152828,4.865998378193569,0.5155253596479322,21.645085416342077,1.9535547688099704
E00021_260526_ds23_fh1440_m10_rf_hp1,E00021,2026-05-26,ds23,sa,30,40,1440,0.9,0.1,m10,hp1,m10_rf_hp1,"seed: 1, n_estimators: 100, max_depth: 3, min_samples_split: 2, min_samples_leaf: 1",,,136216.13037586212,16.9985,0.2667696676077613,17.6278,2.4575954282364885,16.769320513273875,0.2631729893422408,17.390136079294596,2.424461301176823
E00023_260526_ds23_fh1440_m13_lstm_hp2,E00023,2026-05-26,ds23,sa,30,40,1440,0.9,0.1,m13,hp2,m13_lstm_hp2,"seed: 1, input_size: 1, hidden_size: 64, num_layers: 1, output_size: 1, batch_size: 4096, epochs: 100, learning_rate: 0.001",,,1766316.835141182,63.35830000000001,1.0074039298006434,63.40920000000001,8.747356271087474,62.50408211760803,0.9938217716362404,62.55429586671092,8.629421475639733
E00024_260526_ds23_fh1440_m16_prophet_hp1,E00024,2026-05-26,ds23,sa,30,40,1440,0.9,0.1,m16,hp1,m16_prophet_hp1,"seed: 1, seasonality_prior_scale: 10, seasonality_mode: additive, weekly_seasonality: True, daily_seasonality: True, growth: linear",,,1153.9488554000854,16.960900000000002,2.314409425509862,21.100666666666665,3.928229722152207,16.73222744910356,2.283205780234546,20.81618039103966,3.875268009561969
E00025_260526_ds23_fh1440_m17_xgb_hp1,E00025,2026-05-26,ds23,sa,30,40,1440,0.9,0.1,m17,hp1,m17_xgb_hp1,"xgb_seed: 1, n_estimators: 200, learning_rate: 0.1, max_depth: 6, subsample: 0.8, colsample_bytree: 0.8",,,15343.366146087646,4.387500000000001,0.0746878690135002,16.070800000000002,2.564489457529077,4.328346251256823,0.0736809020761126,15.854128076284486,2.5299141492612254
E00026_260526_ds24_fh1440_m1_naive_hp1,E00026,2026-05-26,ds24,sa,30,40,1440,0.9,0.1,m1,hp1,m1_naive_hp1,hyperparameter_1: No hyperparameter,,,4.304862022399902,15.4697,0.3351063015422618,15.233700000000002,2.8583567171055164,21.5653427632031,0.4671507692371639,21.23634990024416,3.984656608976542
E00027_260526_ds24_fh1440_m2_snaive_hp2,E00027,2026-05-26,ds24,sa,30,40,1440,0.9,0.1,m2,hp2,m2_snaive_hp2,days: 7,,,11.821866035461426,20.114,0.3732744001103979,19.877,3.2677859647031826,28.039671379475173,0.5203585320406826,27.70928447896133,4.555416356206549
E00028_260526_ds24_fh1440_m3_ets_hp1,E00028,2026-05-26,ds24,sa,30,40,1440,0.9,0.1,m3,hp1,m3_ets_hp1,"trend: False, damped_trend: False, seasonal_periods_days: None",,,487.0428323745728,10.1276,0.9082022780073712,15.277888888888889,3.028120062202144,14.118254741114288,1.2660680829977844,21.29795087086505,4.221313087488516
E00029_260526_ds24_fh1440_m4_arima_hp1,E00029,2026-05-26,ds24,sa,30,40,1440,0.9,0.1,m4,hp1,m4_arima_hp1,"p: 1, d: 0, q: 1",,,1932.4721097946167,8.6918,0.8234180523214736,41.37477777777778,8.813130045247513,12.11669561977341,1.1478756883276138,57.67799404830968,12.285834259387464
E00030_260526_ds24_fh1440_m6_lr_hp1,E00030,2026-05-26,ds24,sa,30,40,1440,0.9,0.1,m6,hp1,m6_lr_hp1,num_features: 50,,,333.86456966400146,13.4244,0.2564714409052201,13.5916,2.30264336988794,18.71411775214411,0.3575308203839551,18.947200831325187,3.209971333190074
E00031_260526_ds24_fh1440_m7_ann_hp1,E00031,2026-05-26,ds24,sa,30,40,1440,0.9,0.1,m7,hp1,m7_ann_hp1,"seed: 99, hidden_size: 10, activation_function: relu, learning_rate: 0.001, solver: adam, epochs: 500",,,8089.022850990295,13.8963,0.2196811072643455,14.056099999999995,2.118895857647457,19.371964074306497,0.3062437136308777,19.59473127558124,2.9538204005054145
E00032_260526_ds24_fh1440_m8_dnn_hp1,E00032,2026-05-26,ds24,sa,30,40,1440,0.9,0.1,m8,hp1,m8_dnn_hp1,"seed: 1, n_hidden: 3, hidden_size: 10, activation_function: relu, learning_rate: 0.001, solver: adam, epochs: 500",,,9019.863271713257,13.8805,0.2517137924972198,14.241,2.280736382058313,19.34993828093891,0.3508984798301401,19.85248881948424,3.1794321694406005
E00033_260526_ds24_fh1440_m9_rt_hp3,E00033,2026-05-26,ds24,sa,30,40,1440,0.9,0.1,m9,hp3,m9_rt_hp3,"seed: 1, max_depth: 15, min_samples_split: 2, min_samples_leaf: 1, max_features: sqrt",,,464.8610830307007,4.363000000000001,0.4478603452962641,20.1544,2.7155418202962336,6.082185852075679,0.6243341406982961,28.09599049669357,3.785567279423696
E00034_260526_ds24_fh1440_m10_rf_hp1,E00034,2026-05-27,ds24,sa,30,40,1440,0.9,0.1,m10,hp1,m10_rf_hp1,"seed: 1, n_estimators: 100, max_depth: 3, min_samples_split: 2, min_samples_leaf: 1",,,134298.1024980545,14.9623,0.3327304715030871,15.5474,2.39078258689028,20.85800810784138,0.4638387729384702,21.673659481219666,3.3328407117517656
E00036_260528_ds24_fh1440_m13_lstm_hp2,E00036,2026-05-28,ds24,sa,30,40,1440,0.9,0.1,m13,hp2,m13_lstm_hp2,"seed: 1, input_size: 1, hidden_size: 64, num_layers: 1, output_size: 1, batch_size: 4096, epochs: 100, learning_rate: 0.001",,,1664695.2015161514,47.97480000000001,1.1392650457397722,47.9174,9.3990521176931,66.8786728893331,1.5881782587583777,66.7986551336812,13.10263163262776
E00037_260528_ds24_fh1440_m16_prophet_hp1,E00037,2026-05-28,ds24,sa,30,40,1440,0.9,0.1,m16,hp1,m16_prophet_hp1,"seed: 1, seasonality_prior_scale: 10, seasonality_mode: additive, weekly_seasonality: True, daily_seasonality: True, growth: linear",,,1268.6002016067505,15.5751,1.894596787944308,19.37977777777777,4.12087050202314,21.712274321490693,2.641139073807677,27.016138028047365,5.744648238744245
E00038_260528_ds24_fh1440_m17_xgb_hp1,E00038,2026-05-28,ds24,sa,30,40,1440,0.9,0.1,m17,hp1,m17_xgb_hp1,"xgb_seed: 1, n_estimators: 200, learning_rate: 0.1, max_depth: 6, subsample: 0.8, colsample_bytree: 0.8",,,15010.814499855042,3.8747,0.0730936233728892,14.6527,2.673749928055685,5.401477314012752,0.1018952560063112,20.426414080841003,3.727307812149588
