Customer,Postcode,postcode_lat,postcode_lon,distance_km,selection_rank
298,2216,-33.9535,151.1481,3.1225980622652063,1
43,2205,-33.9313,151.1522,3.426691002967004,2
193,2205,-33.9313,151.1522,3.426691002967004,3
229,2205,-33.9313,151.1522,3.426691002967004,4
128,2044,-33.9233,151.1602,3.573299868480355,5
164,2044,-33.9233,151.1602,3.573299868480355,6
288,2044,-33.9233,151.1602,3.573299868480355,7
139,2018,-33.9167,151.2,4.073060464762638,8
192,2018,-33.9167,151.2,4.073060464762638,9
71,2204,-33.9074,151.1555,5.321095528144192,10
98,2204,-33.9074,151.1555,5.321095528144192,11
142,2204,-33.9074,151.1555,5.321095528144192,12
182,2204,-33.9074,151.1555,5.321095528144192,13
217,2204,-33.9074,151.1555,5.321095528144192,14
233,2204,-33.9074,151.1555,5.321095528144192,15
244,2204,-33.9074,151.1555,5.321095528144192,16
181,2207,-33.9353,151.1257,5.418940634291831,17
12,2218,-33.9711,151.1214,6.0341338171957215,18
287,2218,-33.9711,151.1214,6.0341338171957215,19
237,2219,-33.9945,151.1391,6.3147898354145,20
277,2219,-33.9945,151.1391,6.3147898354145,21
40,2048,-33.8941,151.1642,6.425548560314365,22
99,2048,-33.8941,151.1642,6.425548560314365,23
120,2203,-33.9041,151.1394,6.427657292087394,24
173,2203,-33.9041,151.1394,6.427657292087394,25
156,2231,-34.0109,151.2051,7.103847518177526,26
116,2008,-33.8867,151.1975,7.191739553782799,27
45,2021,-33.8979,151.2336,7.519325235316809,28
205,2034,-33.9205,151.2552,7.534518601792881,29
16,2208,-33.9393,151.0993,7.693648393022194,30
140,2208,-33.9393,151.0993,7.693648393022194,31
220,2037,-33.8788,151.1843,7.924405949393142,32
251,2037,-33.8788,151.1843,7.924405949393142,33
78,2031,-33.9121,151.2588,8.270165875207546,34
48,2010,-33.8794,151.2193,8.58647171301074,35
31,2025,-33.8878,151.2368,8.58723128651479,36
4,2220,-33.9799,151.0903,9.059395226280042,37
291,2220,-33.9799,151.0903,9.059395226280042,38
44,2224,-34.0026,151.0959,9.836333830105533,39
6,2230,-34.0367,151.1592,9.857565038840292,40
66,2230,-34.0367,151.1592,9.857565038840292,41
219,2230,-34.0367,151.1592,9.857565038840292,42
79,2039,-33.8614,151.1705,9.909558135306025,43
150,2196,-33.9332,151.0732,10.18198854761089,44
118,2209,-33.9465,151.0692,10.38408520679919,45
105,2134,-33.8833,151.1,10.577802274435419,46
282,2134,-33.8833,151.1,10.577802274435419,47
32,2041,-33.8548,151.1833,10.590477031449598,48
113,2041,-33.8548,151.1833,10.590477031449598,49
187,2047,-33.8524,151.1549,11.13440589002032,50
129,2046,-33.8582,151.1309,11.23600447577973,51
11,2026,-33.8879,151.2808,11.461152583479448,52
275,2026,-33.8879,151.2808,11.461152583479448,53
53,2135,-33.881,151.0799,12.130817606499372,54
62,2029,-33.8688,151.2706,12.202559451413725,55
60,2190,-33.9003,151.0556,12.881699345132228,56
92,2190,-33.9003,151.0556,12.881699345132228,57
199,2190,-33.9003,151.0556,12.881699345132228,58
226,2190,-33.9003,151.0556,12.881699345132228,59
36,2137,-33.8569,151.0912,13.304016423930078,60
80,2137,-33.8569,151.0912,13.304016423930078,61
135,2137,-33.8569,151.0912,13.304016423930078,62
162,2137,-33.8569,151.0912,13.304016423930078,63
278,2137,-33.8569,151.0912,13.304016423930078,64
126,2228,-34.0512,151.1023,13.420632539476813,65
268,2228,-34.0512,151.1023,13.420632539476813,66
294,2228,-34.0512,151.1023,13.420632539476813,67
262,2088,-33.839,151.2396,13.453485792346802,68
242,2211,-33.9569,151.0319,13.83747964897507,69
96,2066,-33.8246,151.1624,14.060791154215428,70
159,2066,-33.8246,151.1624,14.060791154215428,71
172,2066,-33.8246,151.1624,14.060791154215428,72
257,2066,-33.8246,151.1624,14.060791154215428,73
56,2227,-34.0521,151.088,14.262121602398594,74
191,2227,-34.0521,151.088,14.262121602398594,75
234,2200,-33.9196,151.0308,14.326305287354819,76
131,2111,-33.8317,151.1168,14.457332034663658,77
17,2229,-34.0683,151.1157,14.489480203942723,78
213,2229,-34.0683,151.1157,14.489480203942723,79
216,2092,-33.8014,151.2398,17.3759941371385,80
258,2092,-33.8014,151.2398,17.3759941371385,81
27,2093,-33.8066,151.2624,17.60342964679516,82
65,2093,-33.8066,151.2624,17.60342964679516,83
76,2093,-33.8066,151.2624,17.60342964679516,84
97,2093,-33.8066,151.2624,17.60342964679516,85
109,2093,-33.8066,151.2624,17.60342964679516,86
117,2093,-33.8066,151.2624,17.60342964679516,87
174,2093,-33.8066,151.2624,17.60342964679516,88
179,2093,-33.8066,151.2624,17.60342964679516,89
183,2093,-33.8066,151.2624,17.60342964679516,90
194,2233,-34.0535,151.0356,17.712656290490713,91
279,2233,-34.0535,151.0356,17.712656290490713,92
264,2198,-33.9088,150.9885,18.404677349256634,93
55,2162,-33.879,150.9995,18.57544065145177,94
81,2087,-33.7745,151.2203,19.841225390437398,95
83,2087,-33.7745,151.2203,19.841225390437398,96
280,2087,-33.7745,151.2203,19.841225390437398,97
296,2087,-33.7745,151.2203,19.841225390437398,98
100,2100,-33.7666,151.2498,21.344299146699022,99
112,2100,-33.7666,151.2498,21.344299146699022,100
115,2100,-33.7666,151.2498,21.344299146699022,101
132,2100,-33.7666,151.2498,21.344299146699022,102
149,2100,-33.7666,151.2498,21.344299146699022,103
154,2100,-33.7666,151.2498,21.344299146699022,104
185,2096,-33.7768,151.2865,21.556740698832595,105
236,2096,-33.7768,151.2865,21.556740698832595,106
180,2086,-33.7482,151.2232,22.767787204622987,107
208,2086,-33.7482,151.2232,22.767787204622987,108
209,2086,-33.7482,151.2232,22.767787204622987,109
228,2086,-33.7482,151.2232,22.767787204622987,110
300,2086,-33.7482,151.2232,22.767787204622987,111
18,2085,-33.7413,151.2056,23.314839866819177,112
63,2085,-33.7413,151.2056,23.314839866819177,113
94,2119,-33.7587,151.0723,23.551741072372746,114
95,2099,-33.7505,151.2827,24.068012573162886,115
190,2099,-33.7505,151.2827,24.068012573162886,116
82,2074,-33.7131,151.1464,26.546724300653036,117
166,2074,-33.7131,151.1464,26.546724300653036,118
198,2074,-33.7131,151.1464,26.546724300653036,119
254,2074,-33.7131,151.1464,26.546724300653036,120
260,2074,-33.7131,151.1464,26.546724300653036,121
1,2076,-33.7053,151.1228,27.751558507421375,122
89,2076,-33.7053,151.1228,27.751558507421375,123
147,2076,-33.7053,151.1228,27.751558507421375,124
197,2076,-33.7053,151.1228,27.751558507421375,125
255,2076,-33.7053,151.1228,27.751558507421375,126
299,2076,-33.7053,151.1228,27.751558507421375,127
8,2126,-33.722,151.0461,28.280409477844223,128
46,2126,-33.722,151.0461,28.280409477844223,129
91,2126,-33.722,151.0461,28.280409477844223,130
134,2126,-33.722,151.0461,28.280409477844223,131
141,2126,-33.722,151.0461,28.280409477844223,132
295,2126,-33.722,151.0461,28.280409477844223,133
161,2120,-33.7118,151.0714,28.381814967723805,134
221,2120,-33.7118,151.0714,28.381814967723805,135
136,2077,-33.7024,151.0993,28.568094074918566,136
204,2077,-33.7024,151.0993,28.568094074918566,137
235,2077,-33.7024,151.0993,28.568094074918566,138
241,2077,-33.7024,151.0993,28.568094074918566,139
247,2077,-33.7024,151.0993,28.568094074918566,140
250,2154,-33.7333,151.0,29.366367925714414,141
123,2079,-33.6833,151.1167,30.261084174859867,142
195,2079,-33.6833,151.1167,30.261084174859867,143
210,2079,-33.6833,151.1167,30.261084174859867,144
274,2084,-33.6583,151.2107,32.549788503584026,145
102,2081,-33.6208,151.1509,36.71954575328127,146
114,2159,-33.6155,151.0914,38.12298957309832,147
243,2159,-33.6155,151.0914,38.12298957309832,148
